{
  {
    "GeoIP": {
      "ip": "159.255.42.8",
      "type": "ipv4",
      "continent_code": "EU",
      "continent_name": "Europe",
      "country_code": "CY",
      "country_name": "Cyprus",
      "region_code": "01",
      "region_name": "Nicosia",
      "city": "Nicosia",
      "zip": "1010",
      "latitude": 35.16014862060547,
      "longitude": 33.3579216003418,
      "location": {
        "geoname_id": 146268,
        "capital": "Nicosia",
        "languages": [
          {
            "code": "el",
            "name": "Greek",
            "native": "\u0395\u03bb\u03bb\u03b7\u03bd\u03b9\u03ba\u03ac"
          },
          {
            "code": "tr",
            "name": "Turkish",
            "native": "T\u00fcrk\u00e7e"
          },
          {
            "code": "hy",
            "name": "Armenian",
            "native": "\u0540\u0561\u0575\u0565\u0580\u0565\u0576"
          }
        ],
        "country_flag": "http:\/\/assets.ipstack.com\/flags\/cy.svg",
        "country_flag_emoji": "\ud83c\udde8\ud83c\uddfe",
        "country_flag_emoji_unicode": "U+1F1E8 U+1F1FE",
        "calling_code": "357",
        "is_eu": true
      }
    }
  },
  {
    "RDAP": {
      "objectClassName": "domain",
      "handle": "2556217356_DOMAIN_COM-VRSN",
      "ldhName": "FIXITKIBRIS.COM",
      "links": [
        {
          "value": "https:\/\/rdap.verisign.com\/com\/v1\/domain\/FIXITKIBRIS.COM",
          "rel": "self",
          "href": "https:\/\/rdap.verisign.com\/com\/v1\/domain\/FIXITKIBRIS.COM",
          "type": "application\/rdap+json"
        },
        {
          "value": "https:\/\/dreamhost.rdap.tucows.com\/domain\/FIXITKIBRIS.COM",
          "rel": "related",
          "href": "https:\/\/dreamhost.rdap.tucows.com\/domain\/FIXITKIBRIS.COM",
          "type": "application\/rdap+json"
        }
      ],
      "status": [ "client transfer prohibited" ],
      "entities": [
        {
          "objectClassName": "entity",
          "handle": "431",
          "roles": [ "registrar" ],
          "publicIds": [
            {
              "type": "IANA Registrar ID",
              "identifier": "431"
            }
          ],
          "vcardArray": [
            "vcard",
            [
              [
                "version",
                {},
                "text",
                "4.0"
              ],
              [
                "fn",
                {},
                "text",
                "DreamHost, LLC"
              ]
            ]
          ],
          "entities": [
            {
              "objectClassName": "entity",
              "roles": [ "abuse" ],
              "vcardArray": [
                "vcard",
                [
                  [
                    "version",
                    {},
                    "text",
                    "4.0"
                  ],
                  [
                    "fn",
                    {},
                    "text",
                    ""
                  ],
                  [
                    "tel",
                    { "type": "voice" },
                    "uri",
                    ""
                  ],
                  [
                    "email",
                    {},
                    "text",
                    ""
                  ]
                ]
              ]
            }
          ]
        }
      ],
      "events": [
        {
          "eventAction": "registration",
          "eventDate": "2020-08-28T18:13:58Z"
        },
        {
          "eventAction": "expiration",
          "eventDate": "2021-08-28T18:13:58Z"
        },
        {
          "eventAction": "last update of RDAP database",
          "eventDate": "2020-11-07T11:44:15Z"
        }
      ],
      "secureDNS": { "delegationSigned": false },
      "nameservers": [
        {
          "objectClassName": "nameserver",
          "ldhName": "NS1.DREAMHOST.COM"
        },
        {
          "objectClassName": "nameserver",
          "ldhName": "NS2.DREAMHOST.COM"
        },
        {
          "objectClassName": "nameserver",
          "ldhName": "NS3.DREAMHOST.COM"
        }
      ],
      "rdapConformance": [ "rdap_level_0", "icann_rdap_technical_implementation_guide_0", "icann_rdap_response_profile_0" ],
      "notices": [
        {
          "title": "Terms of Use",
          "description": [ "Service subject to Terms of Use." ],
          "links": [
            {
              "href": "https:\/\/www.verisign.com\/domain-names\/registration-data-access-protocol\/terms-service\/index.xhtml",
              "type": "text\/html"
            }
          ]
        },
        {
          "title": "Status Codes",
          "description": [ "For more information on domain status codes, please visit https:\/\/icann.org\/epp" ],
          "links": [
            {
              "href": "https:\/\/icann.org\/epp",
              "type": "text\/html"
            }
          ]
        },
        {
          "title": "RDDS Inaccuracy Complaint Form",
          "description": [ "URL of the ICANN RDDS Inaccuracy Complaint Form: https:\/\/icann.org\/wicf" ],
          "links": [
            {
              "href": "https:\/\/icann.org\/wicf",
              "type": "text\/html"
            }
          ]
        }
      ]
    }
  }
}
